Null,7S0ponso rPA Eed-1 UJ 0F -1-1  ,Null,Null,Null,Null,Null
Apple MacBook Pro 13 | MacOS Big Sur 2020 | 16GB RAM | 1TB SSD | WARRANTY | ,$564.96,Null,from United States,Null,Apple MacBook Pro 13 | MacOS Big Sur 2020 | 16GB RAM | 1TB SSD | WARRANTY | ,FAST SHIPPING TAKES 1-3 DAYS + 24/7 SUPPORT + WARRANTY
89 sold,$287.84,Null,from United Kingdom,Customs services and international tracking provided,89 sold,"Good condition! Fast, free delivery! 12 month warranty!"
"15"" Apple MacBook Pro RETINA OS-2020 Quad Core i7 3.4Ghz 16GB 1TB SSD - WARRANTY",$757.77,Null,from United States,Customs services and international tracking provided,"15"" Apple MacBook Pro RETINA OS-2020 Quad Core i7 3.4Ghz 16GB 1TB SSD - WARRANTY",3 YEAR WARRANTY - OS2020 BIG SUR - NEW 1TB SSD - CASE
2015/2021 Apple MacBook Pro 13 FTouch Monterey 8GB RAM 256GB SSD 2.7GHz i5 Turbo,$497.00,Null,from United States,Customs services and international tracking provided,2015/2021 Apple MacBook Pro 13 FTouch Monterey 8GB RAM 256GB SSD 2.7GHz i5 Turbo,OS2021 MONTEREY - 3 YEAR WARRANTY - FORCETOUCH
Apple MacBook Pro 15 Retina 16GB RAM 1TB SSD OS2020 3.2GHz Quad Core i7 Turbo,$697.00,Null,from United States,Customs services and international tracking provided,Apple MacBook Pro 15 Retina 16GB RAM 1TB SSD OS2020 3.2GHz Quad Core i7 Turbo,3 YEAR WARRANTY WITH CHARGER/CASE INCLUDED - FLASH SALE
"MacBook Pro 13"" Apple Laptop | i7 | 1TB SSD | 16GB RAM | MacOS | WARRANTY",$313.14 to $654.58,Null,from United States,Customs services and international tracking provided,"MacBook Pro 13"" Apple Laptop | i7 | 1TB SSD | 16GB RAM | MacOS | WARRANTY",3 YEAR WARRANTY - CUSTOMIZE YOUR MODEL - FAST SHIP
"15"" Apple MacBook Pro 500GB 4GB RAM Pre-Retina OSx-2015 3 YEAR WARRANTY",$364.00,Null,from United States,Customs services and international tracking provided,"15"" Apple MacBook Pro 500GB 4GB RAM Pre-Retina OSx-2015 3 YEAR WARRANTY",FREE NEXT DAY SHIP * FREE CHARGER * FREE 3YR WARRANTY
2015/2021 Apple MacBook Pro 15 FTouch Monterey 16GB RAM 1TB SSD 3.4GHz i7 Turbo,$789.00,Null,from United States,Customs services and international tracking provided,2015/2021 Apple MacBook Pro 15 FTouch Monterey 16GB RAM 1TB SSD 3.4GHz i7 Turbo,OS2021 MONTEREY - 3 YEAR WARRANTY - FORCETOUCH
2015 Apple MacBook Pro 13 inch Retina / Dual Core i5/ 8GB / 128GB SSD OS Big Sur,$420.00,Null,from United States,Customs services and international tracking provided,2015 Apple MacBook Pro 13 inch Retina / Dual Core i5/ 8GB / 128GB SSD OS Big Sur,2 YEARS WARRANTY. NEXT DAY SHIPPING. QUICK RESPOND .
Benefits charity,$195.00,Null,from United States,Customs services and international tracking provided,Benefits charity,Refurbished · 2012 · 13 in · 512 GB
Null,$81.00,Null,from United States,Customs services and international tracking provided,Null,Pre-Owned · 2014 · 15 in
"Apple MacBook Pro 13"" A1278 Mid-2012 Intel i5-3210M 4GB 500GB macOS 10.15 - ZY",$170.99,Null,from United States,Null,"Apple MacBook Pro 13"" A1278 Mid-2012 Intel i5-3210M 4GB 500GB macOS 10.15 - ZY",COMPLETE WITH CHARGER AND BATTERY -SAME / NEXT DAY SHIP
Null,$265.00,Null,from United States,Customs services and international tracking provided,Null,Pre-Owned · 2017 · 13.3 in · 128 GB
APPLE MACBOOK AIR 13 INCH LAPTOP | TURBO BOOST | 3 YEAR WARRANTY | SSD OS2019,$382.00,Null,from United States,Customs services and international tracking provided,APPLE MACBOOK AIR 13 INCH LAPTOP | TURBO BOOST | 3 YEAR WARRANTY | SSD OS2019,OS2019 CATALINA - FAST SSD - WARRANTY - i5 TURBO
"Apple Macbook Pro 13"" Laptop | i5 8GB RAM | 500GB HD | MacOS Catalina | WARRANTY",$325.00,Null,from United States,Customs services and international tracking provided,"Apple Macbook Pro 13"" Laptop | i5 8GB RAM | 500GB HD | MacOS Catalina | WARRANTY",2-3 DAYS SHIPPING + 3 YEARS WARRANTY + TECH SUPPORT
"Apple MacBook Pro 13"" Laptop | 1TB SSD | 16GB RAM | OSX-2019 | WARRANTY ! ! !",$448.86,Null,from United States,Null,"Apple MacBook Pro 13"" Laptop | 1TB SSD | 16GB RAM | OSX-2019 | WARRANTY ! ! !",FAST FREE SHIPPING + SUPPORT + UPGRADED + PERFORMANCE
"MACBOOK PRO 13"" | CORE i5 | 1TB SSD | 16GB RAM | WARRANTY | OS-2019 CATALINA ! !",$336.12 to $591.74,Null,from United States,Null,"MACBOOK PRO 13"" | CORE i5 | 1TB SSD | 16GB RAM | WARRANTY | OS-2019 CATALINA ! !",BUILT TO ORDER | CUSTOM BUILT MACBOOK PROS | WARRANTY
Null,$649.00,Null,from United States,Customs services and international tracking provided,Null,Pre-Owned · 2019 · 13 in · 256 GB
" Apple MacBook 13"" Laptop | UPGRADED 8GB RAM 1TB HD | OS HIGH SIERRA. WARRANTY",$149.00 to $249.00,Null,from United States,Customs services and international tracking provided," Apple MacBook 13"" Laptop | UPGRADED 8GB RAM 1TB HD | OS HIGH SIERRA. WARRANTY",15 COLORS TO CHOOSE  - NEXT DAY SHIPPING. QUICK RESPOND
5% off,$66.26,Null,from United States,Null,5% off,Pre-Owned · 2009 · 13.3 in · 160 GB
26% off,$199.79,Null,from United States,Customs services and international tracking provided,26% off,Pre-Owned · 2014 · 11.6 in · 128 GB
APPLE MACBOOK AIR 13 3.2GHZ TURBO i7 OS2021 MONTEREY 8GB RAM 1TB SSD - WARRANTY,$588.88,Null,from United States,Customs services and international tracking provided,APPLE MACBOOK AIR 13 3.2GHZ TURBO i7 OS2021 MONTEREY 8GB RAM 1TB SSD - WARRANTY,3 YEAR WARRANTY - NEWEST OS - INCLUDES CHARGER AND CASE
Null,$929.99,Null,from United States,Customs services and international tracking provided,Null,Pre-Owned · 2020 · 13 in
Null,$902.00,Null,from United States,Customs services and international tracking provided,Null,Pre-Owned · 2020 · 13 in · 1 TB
Null,$440.00,Null,from United States,Customs services and international tracking provided,Null,Pre-Owned · 2018 · 13.3 in
Null,"$1,619.00",Null,from United States,Customs services and international tracking provided,Null,Pre-Owned · 2019 · 15 in · 1 TB
70% off,$329.97,Null,from United States,Customs services and international tracking provided,70% off,Refurbished · 2015 · 13 in
Null,$287.00,Null,from United States,Customs services and international tracking provided,Null,Pre-Owned · 12 in
Null,$205.00,Null,from United States,Customs services and international tracking provided,Null,Refurbished · 2012 · 13 in · 500 GB
Null,$265.00,Null,from United States,Customs services and international tracking provided,Null,Refurbished · 2012 · 13 in · 500 GB
Null,$166.00,Null,from United States,Customs services and international tracking provided,Null,Pre-Owned · 2015 · 13.3 in
Null,$399.99,Null,from United States,Customs services and international tracking provided,Null,Pre-Owned · 2017 · 13.3 in · 128 GB
Null,$184.50,Null,from United States,Customs services and international tracking provided,Null,Pre-Owned · 2015 · 13.3 in · 512 GB
Null,$297.00,Null,from United States,Customs services and international tracking provided,Null,Refurbished · 13.3 in
Null,$383.81,Null,from United Kingdom,Customs services and international tracking provided,Null,Pre-Owned · 2015 · 11.6 in · 128 GB
Null,$339.00,Null,from United States,Customs services and international tracking provided,Null,Refurbished · 15.4 in
Null,$599.00,Null,from United States,Null,Null,Pre-Owned · 2020 · 13 in · 256 GB
2 watchers,"$1,041.76",Null,from United Kingdom,Null,2 watchers,Brand New · 2020 · 13.3 in · 512 GB
"MacBook Pro 13"" Apple Laptop | i7 | 1TB SSD | 16GB RAM | MacOS | OS2018/2019",$257.00 to $592.00,Null,from United States,Customs services and international tracking provided,"MacBook Pro 13"" Apple Laptop | i7 | 1TB SSD | 16GB RAM | MacOS | OS2018/2019",CONFIGURABLE MACBOOK  |  3 YEAR WARRANTY | SUPPORT LINE
APPLE MACBOOK PRO 13 3.1GHZ i7 OS2021 MONTEREY 16GB RAM 1TB SSD - WARRANTY,$697.00,Null,from United States,Customs services and international tracking provided,APPLE MACBOOK PRO 13 3.1GHZ i7 OS2021 MONTEREY 16GB RAM 1TB SSD - WARRANTY,NEW OS MONTEREY - 3.4GHZ Turbo i7 - Includes charger
Null,$376.94,Null,from United Kingdom,Customs services and international tracking provided,Null,Pre-Owned · 2016 · 12 in · 512 GB
Null,$14.39,Null,from United Kingdom,Customs services and international tracking provided,Null,Pre-Owned · 2011 · 13.3 in · 240 GB
3 watchers,$479.95,Null,from United States,Customs services and international tracking provided,3 watchers,Pre-Owned · 2017 · 13 in · 256 GB
"Apple MacBook Pro Retina 15"" Turbo i7 3.2GHz Quad Core 16GB RAM 1TB SSD OS2019 ",$697.00,Null,from United States,Customs services and international tracking provided,"Apple MacBook Pro Retina 15"" Turbo i7 3.2GHz Quad Core 16GB RAM 1TB SSD OS2019 ",3 YEAR WARRANTY WITH SUPPORT - CHARGER AND CASE INC.
15 watchers,$775.00,Null,from United States,Customs services and international tracking provided,15 watchers,Pre-Owned · 2020 · 13 in · 256 GB
Almost gone,$357.75,Null,from United Kingdom,Customs services and international tracking provided,Almost gone,Refurbished · 2015 · 13.3 in
Null,$145.30,Null,from United Kingdom,Customs services and international tracking provided,Null,Pre-Owned · 2013 · 15 in
Null,$330.00,Null,from United States,Customs services and international tracking provided,Null,"Intel Core i7 2.8GHz, 16GB DDR3, 256GB SSD, MacOS 11"
Null,"$1,099.39",Null,from Ireland,Null,Null,Pre-Owned · 2020 · 13 in
Null,$399.95,Null,from United States,Customs services and international tracking provided,Null,Pre-Owned · 2017 · 13 in · 128 GB
Null,$741.58,Null,from United Kingdom,Customs services and international tracking provided,Null,Pre-Owned · 2019 · 15 in · 1 TB
Null,$405.00,Null,from United States,Customs services and international tracking provided,Null,Pre-Owned · 13.3 in · 1 TB
Null,$405.00,Null,from United States,Customs services and international tracking provided,Null,Pre-Owned · 13.3 in · 1 TB
Null,$283.00,Null,from United States,Null,Null,Pre-Owned · 2017 · 13.3 in · 128 GB
2015 Apple MacBook Pro 15 inch Retina / Core i7 3.4Ghz / 16GB RAM / 1TB SSD,$797.00,Null,from United States,Customs services and international tracking provided,2015 Apple MacBook Pro 15 inch Retina / Core i7 3.4Ghz / 16GB RAM / 1TB SSD,3 YEAR WARRANTY - FREE/FAST SHIPPING - UPGRADED CUSTOM
Null,$499.99,Null,from United States,Customs services and international tracking provided,Null,Pre-Owned · 2017 · 13.3 in · 128GB
Null,$107.50,Null,from United States,Customs services and international tracking provided,Null,Pre-Owned · 2017 · 13.3 in · 128 GB
Null,$350.00,Null,from United States,Customs services and international tracking provided,Null,Pre-Owned · 2016 · 12 in · 512 GB
2017/2018 Apple MacBook Air 13 i7 3.2GHz Turbo 8GB RAM 1TB SSD - WARRANTY,$633.00,Null,from United States,Customs services and international tracking provided,2017/2018 Apple MacBook Air 13 i7 3.2GHz Turbo 8GB RAM 1TB SSD - WARRANTY,3 YEAR WARRANTY INCLUDED - WE INCLUDE CHARGER AND CASE
Null,"$1,699.00",Null,from United States,Customs services and international tracking provided,Null,Pre-Owned · 2018 · 15 in · 1 TB
4 watchers,$472.91,Null,from United Kingdom,Customs services and international tracking provided,4 watchers,macOS Big Sur - MS Office 2019
Apple Macbook Pro 15 (2015) | Quad Core i7 | 16GB RAM + 256GB SSD | OS Big Sur,$549.00,Null,from United States,Customs services and international tracking provided,Apple Macbook Pro 15 (2015) | Quad Core i7 | 16GB RAM + 256GB SSD | OS Big Sur,3 YEARS WARRANTY + SAME DAY SHIPPING + TECH SUPPORT
Null,$904.75,Null,from United States,Customs services and international tracking provided,Null,Refurbished · 2018 · 15.4 in · 256 GB
Null,$618.00,Null,from United States,Customs services and international tracking provided,Null,Refurbished · 15 in
2017/2018 Apple MacBook Air 13 i7 3.2GHz Turbo 8GB RAM 512GB SSD - WARRANTY,$589.00,Null,from United States,Customs services and international tracking provided,2017/2018 Apple MacBook Air 13 i7 3.2GHz Turbo 8GB RAM 512GB SSD - WARRANTY,3 YEAR WARRANTY INCLUDED - WE INCLUDE CHARGER AND CASE
2015 Apple MacBook Pro 15 inch Retina /Quad Core i7/ 16GB / 256GB SSD OS Big Sur,$539.00,Null,from United States,Customs services and international tracking provided,2015 Apple MacBook Pro 15 inch Retina /Quad Core i7/ 16GB / 256GB SSD OS Big Sur,2 YEARS WARRANTY. NEXT DAY SHIPPING.  QUICK RESPOND .
Null,7S0ponso rPA Eed-1 UJ 0F -1-1  ,Null,Null,Null,Null,Null
12+ watchers,$479.75 to $712.78,Null,from United Kingdom,Customs services and international tracking provided,12+ watchers,Refurbished
"Apple MacBook Air 13"" TURBO BOOST 2.6ghz i5 256GB SSD OS-2020 | 3 YEAR WARRANTY",$412.00,Null,from United States,Customs services and international tracking provided,"Apple MacBook Air 13"" TURBO BOOST 2.6ghz i5 256GB SSD OS-2020 | 3 YEAR WARRANTY",3 YEAR WARRANTY INCLUDED - GET IT FAST - FREE SHIPPING!
Apple MacBook Pro 15 Retina 2015-2017Touch 3.4GHz Quad i7 Turbo 16GB RAM 1TB SSD,$786.00,Null,from United States,Customs services and international tracking provided,Apple MacBook Pro 15 Retina 2015-2017Touch 3.4GHz Quad i7 Turbo 16GB RAM 1TB SSD,3 Year Warranty is included with the charger - NEW SSD
44 watchers,$399.99,Null,from United States,Customs services and international tracking provided,44 watchers,Pre-Owned · 2017 · 13 in
65% off,$459.97,Null,from United States,Customs services and international tracking provided,65% off,Refurbished · 2016 · 14 in · 512 GB
74+ watchers,$615.47 to $678.52,Null,from United Kingdom,Customs services and international tracking provided,74+ watchers,12 Month Warranty - Fast Dispatch - Invoice on Request
10 watchers,"$1,233.61",Null,from United Kingdom,Null,10 watchers,Brand New · 2020 · 13.3 in · 256 GB
Null,$950.00,Null,from United States,Customs services and international tracking provided,Null,Brand New · 2018 · 12 in · 512 GB
Null,$213.00,Null,from United States,Customs services and international tracking provided,Null,Refurbished · 2017 · 13 in · 8 GB
Null,$405.00,Null,from United States,Customs services and international tracking provided,Null,Pre-Owned · 13.3 in · 1 TB
5% off,$607.99,Null,from United States,Customs services and international tracking provided,5% off,Refurbished · 2017 · 12 in · 512 GB
APPLE MACBOOK PRO 15 3.4GHZ TURBO i7 OS2021 MONTEREY 16GB RAM 1TB SSD - WARRANTY,$777.77,Null,from United States,Customs services and international tracking provided,APPLE MACBOOK PRO 15 3.4GHZ TURBO i7 OS2021 MONTEREY 16GB RAM 1TB SSD - WARRANTY,3 YEAR WARRANTY - NEWEST OS - INCLUDES CHARGER AND CASE
Null,$644.50,Null,from United States,Customs services and international tracking provided,Null,Refurbished
APPLE MACBOOK PRO RETINA 13 INCH | CORE i7 3.1GHZ LAPTOP | 2015-2016 | 1TB SSD!,$298.60 to $970.95,Null,from United States,Customs services and international tracking provided,APPLE MACBOOK PRO RETINA 13 INCH | CORE i7 3.1GHZ LAPTOP | 2015-2016 | 1TB SSD!,BUILT TO ORDER | CUSTOM BUILT MACBOOK PROS | WARRANTY
83% off,$259.97,Null,from United States,Customs services and international tracking provided,83% off,Open Box · 2012 · 13.3 in
82 sold,$492.10,Null,from United Kingdom,Customs services and international tracking provided,82 sold,i7 8GB 256SSD ✅ Office 365✅ UK CHARGER  PLUG✅ BTO/CTO
MacBook Pro 15 inch RETINA Laptop / QUAD CORE i7 / 1TB SSD! / WARRANTY OS2019,$667.00,Null,from United States,Customs services and international tracking provided,MacBook Pro 15 inch RETINA Laptop / QUAD CORE i7 / 1TB SSD! / WARRANTY OS2019,AMAZING RETINA DISPLAY - 3 YEAR WARRANTY / CHARGER
Null,$349.00,Null,from United States,Customs services and international tracking provided,Null,Refurbished · 2018 · 13.3 in · 256 GB
"2015 Apple MacBook Pro 13"" Retina/ Dual Core i5/ 8GB /128GB SSD OS Big Sur ",$299.00,Null,from United States,Customs services and international tracking provided,"2015 Apple MacBook Pro 13"" Retina/ Dual Core i5/ 8GB /128GB SSD OS Big Sur ",WARRANTY. NEXT DAY SHIPPING. *SEE DESCRIPTION*
Last one,$375.59,Null,from United Kingdom,Customs services and international tracking provided,Last one,macOS Big Sur - MS Office 2019
"Apple MacBook Pro 15"" 3.4GHz Quad Core i7 Laptop Turbo 16GB RAM 1TB OS2019",$628.00,Null,from United States,Customs services and international tracking provided,"Apple MacBook Pro 15"" 3.4GHz Quad Core i7 Laptop Turbo 16GB RAM 1TB OS2019",3 YEAR WARRANTY WITH FULLY UPGRADED SPECS TO MAX
Null,$588.05,Null,from United Kingdom,Customs services and international tracking provided,Null,macOS Big Sur - MS Office 2019
Null,$297.00,Null,from United States,Customs services and international tracking provided,Null,Pre-Owned · 11.6 in
Null,$529.99,Null,from United States,Customs services and international tracking provided,Null,Brand New · 2015 · 13.3 in
5% off,$598.49,Null,from United States,Customs services and international tracking provided,5% off,Pre-Owned · 2020 · 13.3 in
Null,$343.00,Null,from United States,Customs services and international tracking provided,Null,Pre-Owned · 13.3 in
Null,$700.00,Null,from United States,Customs services and international tracking provided,Null,Pre-Owned · 2016 · 15 in · 512 GB
11 watchers,$499.00,Null,from United States,Customs services and international tracking provided,11 watchers,Pre-Owned · 2017 · 13.3 in · 256 GB
2017 Apple MacBook Air 13 inch Retina / Dual Core i5/ 8GB / 128GB SSD OS Big Sur,$469.00,Null,from United States,Customs services and international tracking provided,2017 Apple MacBook Air 13 inch Retina / Dual Core i5/ 8GB / 128GB SSD OS Big Sur,2 YEARS WARRANTY. NEXT DAY SHIPPING. QUICK RESPOND .
"MACBOOK AIR 13"" 3.3GHz i7 Turbo OS2020 - 8GB RAM 1TB SSD - 3 YEAR WARRANTY",$530.45,Null,from United States,Customs services and international tracking provided,"MACBOOK AIR 13"" 3.3GHz i7 Turbo OS2020 - 8GB RAM 1TB SSD - 3 YEAR WARRANTY",OS2020 BIG SUR | FASTEST AIR | PURE SSD | WARRANTY
Null,$904.75,Null,from United States,Customs services and international tracking provided,Null,Refurbished · 2018 · 15.4 in · 256 GB
Null,$460.00,Null,from United States,Customs services and international tracking provided,Null,Pre-Owned · 2020 · 13 in · 256 GB
Null,$372.00,Null,from United States,Customs services and international tracking provided,Null,Refurbished · 15 in
Null,$588.99,Null,from United States,Customs services and international tracking provided,Null,Pre-Owned · 2018 · 13 in
Null,$750.00,Null,from United States,Customs services and international tracking provided,Null,Pre-Owned · 2019 · 16 in
68% off,$319.97,Null,from United States,Customs services and international tracking provided,68% off,Open Box · 2012 · 13 in
Null,$187.50,Null,from United States,Customs services and international tracking provided,Null,Pre-Owned · 2019 · 13.3 in · 128 GB
Apple MacBook Pro 13 Retina / 3.1GHz Intel i7 / 3 Year Warranty / CUSTOM OS2020,$298.75 to $968.78,Null,from United States,Customs services and international tracking provided,Apple MacBook Pro 13 Retina / 3.1GHz Intel i7 / 3 Year Warranty / CUSTOM OS2020,CUSTOM ⁑ NEW UPGRADES ⁑ 3 YEAR WARRANTY ⁑ SUPPORT
"Apple Macbook Pro 13"" Laptop | 8GB RAM + 250GB SSD | OS High Sierra | WARRANTY",$239.00,Null,from United States,Customs services and international tracking provided,"Apple Macbook Pro 13"" Laptop | 8GB RAM + 250GB SSD | OS High Sierra | WARRANTY",2-3 DAYS SHIPPING + 2 YEARS WARRANTY + TECH SUPPORT
72% off,$369.97,Null,from United States,Customs services and international tracking provided,72% off,Refurbished · 2016 · 12 in
Null,$137.08,Null,from United Kingdom,Customs services and international tracking provided,Null,Pre-Owned · 2014 · 13.3 in
3 watchers,"$2,056.06",Null,from United Kingdom,Null,3 watchers,Brand New · 2019 · 16 in · 512 GB
Null,$479.94,Null,from United States,Customs services and international tracking provided,Null,Refurbished · 15.4 in
Null,$776.00,Null,from United States,Customs services and international tracking provided,Null,Pre-Owned · 15.4 in
Null,$328.95 to $592.45,Null,from United States,Customs services and international tracking provided,Null,Refurbished
Null,$260.44,Null,from United Kingdom,Customs services and international tracking provided,Null,Pre-Owned · 2014 · 11 in · 128 GB
Last one,$309.99,Null,from United States,Customs services and international tracking provided,Last one,Pre-Owned · 2014 · 13 in · 128 GB
Null,$405.00,Null,from United States,Customs services and international tracking provided,Null,Pre-Owned · 13.3 in · 1 TB
Null,$150.00,Null,from United States,Customs services and international tracking provided,Null,Pre-Owned · 2015 · 13.3 in · 256 GB
Null,$178.20,Null,from United Kingdom,Customs services and international tracking provided,Null,Pre-Owned · 2015 · 13.3 in · 256 GB
Null,"$1,400.00",Null,from United States,Customs services and international tracking provided,Null,Pre-Owned · 2018 · 15 in · 1 TB
Null,$99.99,Null,from United States,Customs services and international tracking provided,Null,Pre-Owned · 13 in
Null,$379.99,Null,from United States,Customs services and international tracking provided,Null,Pre-Owned · 2016 · 12 in
Null,$822.44,Null,from United Kingdom,Customs services and international tracking provided,Null,Pre-Owned · 2018 · 13.3 in · 256 GB
Last one,$548.29,Null,from United Kingdom,Customs services and international tracking provided,Last one,Refurbished · 2017 · 12 in
10% off,$94.75,Null,from United States,Null,10% off,"Complete, Tested, Working - Includes charger / battery"
Last one,$699.99,Null,from United States,Customs services and international tracking provided,Last one,Pre-Owned · 2015 · 15 in · 512 GB
Null,$199.00,Null,from United States,Customs services and international tracking provided,Null,Pre-Owned · 2017 · 13 in · 256 GB
Null,$999.28,Null,from United Kingdom,Customs services and international tracking provided,Null,Pre-Owned · 2017 · 15 in · 1 TB
Null,$385.00,Null,from United States,Customs services and international tracking provided,Null,Pre-Owned · 2014 · 15 in
Null,$360.00,Null,from United States,Customs services and international tracking provided,Null,"MC976LL/A - Quad Core i7, Dual GPU NVIDIA GT 650M 1GB"
Null,$556.99,Null,from United States,Customs services and international tracking provided,Null,Pre-Owned · 2017 · 13 in
5% off,$284.05,Null,from United States,Customs services and international tracking provided,5% off,Pre-Owned · 2015 · 12 in
Null,$290.98 to $678.50,Null,from United States,Customs services and international tracking provided,Null,Refurbished
46+ sold,"$1,130.87 to $1,370.74",Null,from United Kingdom,Customs services and international tracking provided,46+ sold,Refurbished
"APPLE MACBOOK PRO RETINA 2015 13"" Intel i5 2.70GHz | 8GB | 128GB A1502 MF840LL/A",$399.99,Null,from United States,Customs services and international tracking provided,"APPLE MACBOOK PRO RETINA 2015 13"" Intel i5 2.70GHz | 8GB | 128GB A1502 MF840LL/A",Great Condition | Free Shipping! | Includes Charger!
Null,7S0ponso rPA Eed-1 UJ 0F -1-1  ,Null,Null,Null,Null,Null
72% off,$369.97,Null,from United States,Customs services and international tracking provided,72% off,Refurbished · 2016 · 12 in
MacBook Pro 15 inch RETINA Laptop / QUAD CORE i7 / 1TB SSD! / WARRANTY OS2019,$667.00,Null,from United States,Customs services and international tracking provided,MacBook Pro 15 inch RETINA Laptop / QUAD CORE i7 / 1TB SSD! / WARRANTY OS2019,AMAZING RETINA DISPLAY - 3 YEAR WARRANTY / CHARGER
15% off,$365.49,Null,from United States,Customs services and international tracking provided,15% off,Pre-Owned · 2017 · 12 in
  .APPLE MACBOOK AIR 13 INCH LAPTOP | TURBO BOOST | 3 YEAR WARRANTY | SSD OS2019,$382.00,Null,from United States,Customs services and international tracking provided,  .APPLE MACBOOK AIR 13 INCH LAPTOP | TURBO BOOST | 3 YEAR WARRANTY | SSD OS2019,OS2019 CATALINA - FAST SSD - WARRANTY - i5 TURBO
Null,$579.00,Null,from United States,Customs services and international tracking provided,Null,Pre-Owned · 15 in
Null,$925.80,Null,from Italy,Null,Null,Pre-Owned
Null,$213.50,Null,from United States,Customs services and international tracking provided,Null,Pre-Owned · 2020 · 13 in · 256 GB
5% off,$598.49,Null,from United States,Customs services and international tracking provided,5% off,Pre-Owned · 2020 · 13.3 in
Null,$518.75,Null,from United States,Customs services and international tracking provided,Null,Refurbished · 15 in
Null,$685.00,Null,from United States,Customs services and international tracking provided,Null,Pre-Owned · 2017 · 15 in
Null,$150.77,Null,from United Kingdom,Customs services and international tracking provided,Null,Refurbished · 2011 · 13.3 in
Null,$374.00,Null,from United States,Customs services and international tracking provided,Null,Pre-Owned · 2020 · 13.3 in
Null,$193.00,Null,from United States,Customs services and international tracking provided,Null,Pre-Owned · 2015 · 13.3 in · 8 GB
82 sold,$492.10,Null,from United Kingdom,Customs services and international tracking provided,82 sold,i7 8GB 256SSD ✅ Office 365✅ UK CHARGER  PLUG✅ BTO/CTO
Apple MacBook Pro 13 TOUCH BAR OS2020 Retina Laptop 3.5GHz i5 16GB 512GB SSD,$874.00,Null,from United States,Customs services and international tracking provided,Apple MacBook Pro 13 TOUCH BAR OS2020 Retina Laptop 3.5GHz i5 16GB 512GB SSD,FAST FREE SHIP - WARRANTY - BIG SUR - CHARGER /NEW CASE
181 watchers,"$1,449.00",Null,from United States,Customs services and international tracking provided,181 watchers,Pre-Owned · 2019 · 16 in · 512 GB
Apple MacBook Air 13 i5 1.7GHz i5 TURBO 128GB SSD OS2017 WARRANTY INCLUDED,$333.00,Null,from United States,Customs services and international tracking provided,Apple MacBook Air 13 i5 1.7GHz i5 TURBO 128GB SSD OS2017 WARRANTY INCLUDED,TECH. SUPPORT / CHARGER / CASE AND KEY COVER / WARRANTY
Null,$298.60 to $970.95,Null,from United States,Customs services and international tracking provided,Null,Pre-Owned
Last one,$290.00,Null,from United States,Null,Last one,Pre-Owned · 2012 · 13 in · 128 GB
Null,$638.80,Null,from United States,Customs services and international tracking provided,Null,Refurbished · 15.4 in
Apple MacBook Air 11 OR 13 inch - CUSTOMIZE - CORE i7 - 3 YEAR WARRANTY OS2019,$328.95 to $592.45,Null,from United States,Customs services and international tracking provided,Apple MacBook Air 11 OR 13 inch - CUSTOMIZE - CORE i7 - 3 YEAR WARRANTY OS2019,3 YEAR WARRANTY - SUPPORT LINE - CASE/CHARGER INCLUDED
Null,"$1,424.21",Null,from United Kingdom,Customs services and international tracking provided,Null,New (Other) · 2020 · 13 in · 512 GB
Null,$191.91,Null,from United Kingdom,Customs services and international tracking provided,Null,Pre-Owned · 2013 · 15 in
Null,$405.00,Null,from United States,Customs services and international tracking provided,Null,Pre-Owned · 13.3 in · 1 TB
Null,$365.00,Null,from United States,Customs services and international tracking provided,Null,Pre-Owned · 2014 · 15 in
Null,$398.09,Null,from Germany,Null,Null,Refurbished
12 watchers,$239.88,Null,from United Kingdom,Customs services and international tracking provided,12 watchers,Pre-Owned · 2010 · 17 in · 500 GB
Null,$157.50,Null,from United States,Customs services and international tracking provided,Null,Pre-Owned · 2013 · 13.3 in
Null,$336.00,Null,from United States,Customs services and international tracking provided,Null,Pre-Owned · 13 in
"Apple MacBook Pro 13"" Retina 3.4GHz Core i7 Turbo OS2020 16GB RAM 1TB SSD",$729.00,Null,from United States,Customs services and international tracking provided,"Apple MacBook Pro 13"" Retina 3.4GHz Core i7 Turbo OS2020 16GB RAM 1TB SSD",3 YEAR WARRANTY - NEW SSD - CHARGER AND CASE - GREAT
Null,$867.00,Null,from United States,Customs services and international tracking provided,Null,Pre-Owned · 15.4 in
Null,$449.99,Null,from United States,Customs services and international tracking provided,Null,Pre-Owned · 2013 · 13 in
13% off,$349.00,Null,from United States,Customs services and international tracking provided,13% off,Refurbished · 2015 · 13.3 in
Null,$267.30,Null,from United Kingdom,Customs services and international tracking provided,Null,Pre-Owned · 2013 · 13 in · 4 GB
Null,$659.95,Null,from United States,Customs services and international tracking provided,Null,Pre-Owned · 2020 · 13.3 in · 512 GB
Null,$56.00,Null,from United States,Null,Null,Would make great Christmas present for creative minded
Null,$435.00,Null,from United States,Customs services and international tracking provided,Null,Pre-Owned · 2014 · 15 in
Null,"$1,226.82",Null,from United Kingdom,Customs services and international tracking provided,Null,Touch Bar / ID  - Free Delivery - 6 Months warranty
Last one,$899.00,Null,from United States,Customs services and international tracking provided,Last one,Pre-Owned · 2018 · 15.4 in · 256 GB
21 watchers,$219.99,Null,from United States,Customs services and international tracking provided,21 watchers,Pre-Owned · 2015 · 11.6 in · 128 GB
Null,$824.99,Null,from United States,Customs services and international tracking provided,Null,Pre-Owned · 2017 · 15.4 in
Null,$494.40,Null,from United States,Customs services and international tracking provided,Null,Pre-Owned · 13.3 in
Null,$232.50,Null,from United States,Customs services and international tracking provided,Null,Pre-Owned · 2020 · 13.3 in · 256 GB
5% off,$712.49,Null,from United States,Customs services and international tracking provided,5% off,Refurbished · 2020 · 13.3 in
Null,$643.00,Null,from United States,Customs services and international tracking provided,Null,Refurbished · 15.4 in
Null,$809.00,Null,from United States,Customs services and international tracking provided,Null,Brand New · 2020 · 13 in · 512 GB
Null,$649.99,Null,from United States,Customs services and international tracking provided,Null,Pre-Owned · 2020 · 13 in · 256 GB
Null,$174.00,Null,from United States,Customs services and international tracking provided,Null,Pre-Owned · 2015 · 13.3 in · 512 GB
Null,$389.99,Null,from United States,Customs services and international tracking provided,Null,Pre-Owned · 2015 · 13.3 in
Null,$296.50,Null,from United States,Customs services and international tracking provided,Null,Pre-Owned · 13 in
"Apple MacBook Pro 15"" 3.4GHz Quad Core i7 Laptop Turbo 16GB RAM 1TB OS2019",$628.00,Null,from United States,Customs services and international tracking provided,"Apple MacBook Pro 15"" 3.4GHz Quad Core i7 Laptop Turbo 16GB RAM 1TB OS2019",3 YEAR WARRANTY WITH FULLY UPGRADED SPECS TO MAX
Null,$445.00,Null,from United States,Customs services and international tracking provided,Null,Pre-Owned · 2019 · 13 in
Null,$265.00,Null,from United States,Customs services and international tracking provided,Null,Pre-Owned · 2014 · 13.3 in
13 watchers,$650.00,Null,from United States,Customs services and international tracking provided,13 watchers,Pre-Owned · 2017 · 13.3 in · 256 GB
Null,$659.99,Null,from United States,Customs services and international tracking provided,Null,Pre-Owned · 2017 · 15.4 in
Null,$330.00,Null,from United States,Customs services and international tracking provided,Null,Pre-Owned · 2018 · 15.4 in · 256 GB
Null,$479.75,Null,from United Kingdom,Customs services and international tracking provided,Null,Pre-Owned · 2012 · 13 in · 512 GB
Null,$429.50,Null,from United States,Customs services and international tracking provided,Null,Pre-Owned · 15.4 in
Null,$102.50,Null,from United States,Customs services and international tracking provided,Null,Pre-Owned · 2015 · 13 in · 128 GB
Null,$385.00,Null,from United States,Customs services and international tracking provided,Null,Pre-Owned · 2015 · 13.3 in
Null,$99.00,Null,from United States,Customs services and international tracking provided,Null,Pre-Owned · 2013 · 13.3 in · 250 GB
Null,$405.00,Null,from United States,Customs services and international tracking provided,Null,Pre-Owned · 13.3 in · 1 TB
Null,$411.00,Null,from United States,Customs services and international tracking provided,Null,Pre-Owned · 13.3 in · 1 TB
Null,$299.99,Null,from United States,Customs services and international tracking provided,Null,Pre-Owned · 2015 · 15.4 in
APPLE MACBOOK AIR 13IN - TURBO BOOST i5 - 128GB SSD - 3 YEAR WARRANTY OS2017,$380.00,Null,from United States,Customs services and international tracking provided,APPLE MACBOOK AIR 13IN - TURBO BOOST i5 - 128GB SSD - 3 YEAR WARRANTY OS2017,SHIPPING FOR FREE | SUPER FAST SSD | OS2017 OS | CASE
5% off,$379.05,Null,from United States,Customs services and international tracking provided,5% off,Refurbished · 2017 · 13.3 in
Null,7S0ponso rPA Eed-1 UJ 0F -1-1  ,Null,Null,Null,Null,Null
Last one,$609.99,Null,from United States,Customs services and international tracking provided,Last one,Refurbished · 2015 · 15.4 in · 256 GB
Null,$427.49,Null,from United States,Customs services and international tracking provided,Null,Pre-Owned · 2017 · 12 in
21 sold,$409.85,Null,from United Kingdom,Customs services and international tracking provided,21 sold,"12M Warranty, Best seller Model,Fast delivery,Best Deal"
Null,$499.99,Null,from United States,Customs services and international tracking provided,Null,Pre-Owned · 2015 · 15 in
Null,$514.03,Null,from United Kingdom,Customs services and international tracking provided,Null,Pre-Owned · 2015 · 15.4 in
35 watchers,$239.88,Null,from United Kingdom,Customs services and international tracking provided,35 watchers,Pre-Owned · 2013 · 13 in · 128 GB
Null,$999.00,Null,from United States,Customs services and international tracking provided,Null,"M1 Chip, 512GB SSD, 16GB Memory"
Null,$320.00,Null,from United States,Null,Null,Refurbished · 2012 · 13 in · 256 GB
Null,"$1,766.90",Null,from United Kingdom,Customs services and international tracking provided,Null,Pre-Owned · 2020 · 13 in · 512 GB
Null,$79.99,Null,from United States,Customs services and international tracking provided,Null,Pre-Owned · 13.3 in
Null,$590.00,Null,from United States,Customs services and international tracking provided,Null,Pre-Owned · 2019 · 13 in · 128 GB
Null,$154.99,Null,from United States,Customs services and international tracking provided,Null,Pre-Owned · 2012 · 13 in · 500 GB
5 watchers,"$4,079.28",Null,from United Kingdom,Null,5 watchers,Brand New · 2021 · 16 in · 1 TB
99 watchers,$411.21,Null,from United Kingdom,Customs services and international tracking provided,99 watchers,Refurbished · 2015 · 13 in · 128 GB
31 sold,$527.73,Null,from United Kingdom,Customs services and international tracking provided,31 sold,Refurbished · 2015 · 13 in
Null,$94.95,Null,from United States,Null,Null,"Complete, Tested, Working - Includes charger / battery"
Null,$289.95 to $349.95,Null,from United States,Customs services and international tracking provided,Null,100% Feedback! Same-Day Shipping! #1 Customer Service!
Null,$450.00,Null,from United States,Customs services and international tracking provided,Null,Pre-Owned · 2017 · 13.3 in · 128 GB
30 watchers,$582.56,Null,from United Kingdom,Customs services and international tracking provided,30 watchers,"Good condition! Fast, free delivery! 12 month warranty!"
Null,$355.02,Null,from United Kingdom,Customs services and international tracking provided,Null,Pre-Owned · 2012 · 13.3 in · 500 GB
Null,$560.00,Null,from United States,Customs services and international tracking provided,Null,Pre-Owned · 13.3 in
Null,$474.00,Null,from United States,Customs services and international tracking provided,Null,Refurbished · 15.1 in
Null,"$1,096.59",Null,from United Kingdom,Customs services and international tracking provided,Null,Brand New · 2020 · 13 in · 256 GB
Null,$625.00,Null,from United States,Customs services and international tracking provided,Null,Pre-Owned · 2017 · 13.3 in · 128 GB
Null,$250.00,Null,from United States,Customs services and international tracking provided,Null,Pre-Owned · 2015 · 13.3 in
Null,$516.00,Null,from United States,Customs services and international tracking provided,Null,Refurbished · 13 in · 512 GB
Null,$279.99,Null,from United States,Customs services and international tracking provided,Null,Pre-Owned · 2014 · 13.3 in
Null,$150.00,Null,from United States,Customs services and international tracking provided,Null,Refurbished · 2012 · 13 in · 500 GB
Last one,$890.97,Null,from United Kingdom,Customs services and international tracking provided,Last one,Refurbished · 2017 · 13 in
Null,$979.99,Null,from United States,Customs services and international tracking provided,Null,Pre-Owned · 2020 · 13 in
Null,$457.00,Null,from United States,Customs services and international tracking provided,Null,Pre-Owned · 2017 · 13.3 in · 128 GB
65% off,$459.97,Null,from United States,Customs services and international tracking provided,65% off,Open Box · 2017 · 12 in · 256 GB
Null,$399.99,Null,from United States,Customs services and international tracking provided,Null,Pre-Owned · 2014 · 13 in
Last one,$371.99,Null,from United States,Customs services and international tracking provided,Last one,Pre-Owned · 2016 · 12 in
Benefits charity,$229.99,Null,from United States,Customs services and international tracking provided,Benefits charity,Pre-Owned · 15 in
62% off,$489.97,Null,from United States,Customs services and international tracking provided,62% off,Refurbished · 2017 · 12 in · 512 GB
68% off,$419.97,Null,from United States,Customs services and international tracking provided,68% off,Refurbished · 2016 · 12 in · 512 GB
Null,$615.00,Null,from United States,Customs services and international tracking provided,Null,Pre-Owned · 15 in
69% off,$309.97,Null,from United States,Customs services and international tracking provided,69% off,Open Box · 2015 · 11.6 in · 256 GB
15 watchers,$370.09,Null,from United Kingdom,Customs services and international tracking provided,15 watchers,Refurbished · 2015 · 13 in · 128 GB
Null,$527.74,Null,from United Kingdom,Customs services and international tracking provided,Null,Pre-Owned · 2015 · 15 in
Null,$713.00,Null,from United States,Customs services and international tracking provided,Null,Refurbished · 15 in
10% off,$94.75,Null,from United States,Null,10% off,"Complete, Tested, Working - Includes charger / battery"
Null,$687.00,Null,from United States,Customs services and international tracking provided,Null,Pre-Owned · 2013 · 15.4 in · 1 TB
Null,$342.69,Null,from United Kingdom,Customs services and international tracking provided,Null,Pre-Owned · 2017 · 13.3 in · 128 GB
Null,$678.00,Null,from United States,Customs services and international tracking provided,Null,Refurbished · 15.4 in
Null,$618.00,Null,from United States,Customs services and international tracking provided,Null,Refurbished · 15 in
Null,$405.00,Null,from United States,Customs services and international tracking provided,Null,Pre-Owned · 2020 · 13.3 in · 256 GB
Null,$449.99,Null,from United States,Customs services and international tracking provided,Null,Pre-Owned · 2017 · 12 in · 256 GB
Last one,"$1,147.00",Null,from United States,Customs services and international tracking provided,Last one,Brand New · 2020 · 13 in · 256 GB
Null,$349.95,Null,from United States,Customs services and international tracking provided,Null,Parts Only · 2016 · 13 in · 256 GB
Null,$275.00,Null,from United States,Customs services and international tracking provided,Null,Pre-Owned · 2015 · 13 in · 128 GB
Null,$599.99,Null,from United States,Customs services and international tracking provided,Null,Pre-Owned · 2019 · 13 in · 128 GB
28 watchers,"$1,014.34",Null,from United Kingdom,Customs services and international tracking provided,28 watchers,"Refurbished - 12 Month Warranty, Fast & Free Delivery"
Null,$799.00,Null,from United States,Customs services and international tracking provided,Null,Pre-Owned · 2020 · 13 in · 256 GB
Null,$17.50,Null,from United States,Customs services and international tracking provided,Null,Pre-Owned · 2016 · 12 in · 256 GB
Null,$329.99,Null,from United States,Customs services and international tracking provided,Null,Pre-Owned · 2015 · 13.3 in
Null,$405.00,Null,from United States,Customs services and international tracking provided,Null,Pre-Owned · 2016 · 15.4 in · 256 GB
Null,$862.20,Null,from United Kingdom,Customs services and international tracking provided,Null,Pre-Owned · 2016 · 15.4 in · 512 GB
Null,$407.00,Null,from United States,Customs services and international tracking provided,Null,Pre-Owned · 13.3 in
Null,$397.00,Null,from United States,Customs services and international tracking provided,Null,Refurbished · 13 in
Null,$134.99,Null,from United States,Customs services and international tracking provided,Null,Pre-Owned · 2012 · 13 in · 500 GB
Last one,$477.02,Null,from United Kingdom,Customs services and international tracking provided,Last one,Pre-Owned · 2017 · 13 in · 256 GB
Null,$644.00,Null,from United States,Customs services and international tracking provided,Null,Refurbished · 15 in
37% off,$169.00,Null,from United States,Customs services and international tracking provided,37% off,Pre-Owned · 2015 · 11.6 in · 128 GB
Null,$650.00,Null,from United States,Customs services and international tracking provided,Null,Pre-Owned · 2016 · 13 in · 256 GB
